image_path,class
C:\Users\labdsp\Documents\Croissant\only_pic\dataset\benign_images\benign (1).png,0
C:\Users\labdsp\Documents\Croissant\only_pic\dataset\benign_images\benign (10).png,0
C:\Users\labdsp\Documents\Croissant\only_pic\dataset\benign_images\benign (100).png,0
C:\Users\labdsp\Documents\Croissant\only_pic\dataset\benign_images\benign (101).png,0
C:\Users\labdsp\Documents\Croissant\only_pic\dataset\benign_images\benign (102).png,0
C:\Users\labdsp\Documents\Croissant\only_pic\dataset\benign_images\benign (103).png,0
C:\Users\labdsp\Documents\Croissant\only_pic\dataset\benign_images\benign (104).png,0
C:\Users\labdsp\Documents\Croissant\only_pic\dataset\benign_images\benign (105).png,0
C:\Users\labdsp\Documents\Croissant\only_pic\dataset\benign_images\benign (106).png,0
C:\Users\labdsp\Documents\Croissant\only_pic\dataset\benign_images\benign (107).png,0
C:\Users\labdsp\Documents\Croissant\only_pic\dataset\benign_images\benign (108).png,0
C:\Users\labdsp\Documents\Croissant\only_pic\dataset\benign_images\benign (109).png,0
C:\Users\labdsp\Documents\Croissant\only_pic\dataset\benign_images\benign (11).png,0
C:\Users\labdsp\Documents\Croissant\only_pic\dataset\benign_images\benign (110).png,0
C:\Users\labdsp\Documents\Croissant\only_pic\dataset\benign_images\benign (111).png,0
C:\Users\labdsp\Documents\Croissant\only_pic\dataset\benign_images\benign (112).png,0
C:\Users\labdsp\Documents\Croissant\only_pic\dataset\benign_images\benign (113).png,0
C:\Users\labdsp\Documents\Croissant\only_pic\dataset\benign_images\benign (114).png,0
C:\Users\labdsp\Documents\Croissant\only_pic\dataset\benign_images\benign (115).png,0
C:\Users\labdsp\Documents\Croissant\only_pic\dataset\benign_images\benign (116).png,0
C:\Users\labdsp\Documents\Croissant\only_pic\dataset\benign_images\benign (117).png,0
C:\Users\labdsp\Documents\Croissant\only_pic\dataset\benign_images\benign (118).png,0
C:\Users\labdsp\Documents\Croissant\only_pic\dataset\benign_images\benign (119).png,0
C:\Users\labdsp\Documents\Croissant\only_pic\dataset\benign_images\benign (12).png,0
C:\Users\labdsp\Documents\Croissant\only_pic\dataset\benign_images\benign (120).png,0
C:\Users\labdsp\Documents\Croissant\only_pic\dataset\benign_images\benign (121).png,0
C:\Users\labdsp\Documents\Croissant\only_pic\dataset\benign_images\benign (122).png,0
C:\Users\labdsp\Documents\Croissant\only_pic\dataset\benign_images\benign (123).png,0
C:\Users\labdsp\Documents\Croissant\only_pic\dataset\benign_images\benign (124).png,0
C:\Users\labdsp\Documents\Croissant\only_pic\dataset\benign_images\benign (125).png,0
C:\Users\labdsp\Documents\Croissant\only_pic\dataset\benign_images\benign (126).png,0
C:\Users\labdsp\Documents\Croissant\only_pic\dataset\benign_images\benign (127).png,0
C:\Users\labdsp\Documents\Croissant\only_pic\dataset\benign_images\benign (128).png,0
C:\Users\labdsp\Documents\Croissant\only_pic\dataset\benign_images\benign (129).png,0
C:\Users\labdsp\Documents\Croissant\only_pic\dataset\benign_images\benign (13).png,0
C:\Users\labdsp\Documents\Croissant\only_pic\dataset\benign_images\benign (130).png,0
C:\Users\labdsp\Documents\Croissant\only_pic\dataset\benign_images\benign (131).png,0
C:\Users\labdsp\Documents\Croissant\only_pic\dataset\benign_images\benign (132).png,0
C:\Users\labdsp\Documents\Croissant\only_pic\dataset\benign_images\benign (133).png,0
C:\Users\labdsp\Documents\Croissant\only_pic\dataset\benign_images\benign (134).png,0
C:\Users\labdsp\Documents\Croissant\only_pic\dataset\benign_images\benign (135).png,0
C:\Users\labdsp\Documents\Croissant\only_pic\dataset\benign_images\benign (136).png,0
C:\Users\labdsp\Documents\Croissant\only_pic\dataset\benign_images\benign (137).png,0
C:\Users\labdsp\Documents\Croissant\only_pic\dataset\benign_images\benign (138).png,0
C:\Users\labdsp\Documents\Croissant\only_pic\dataset\benign_images\benign (139).png,0
C:\Users\labdsp\Documents\Croissant\only_pic\dataset\benign_images\benign (14).png,0
C:\Users\labdsp\Documents\Croissant\only_pic\dataset\benign_images\benign (140).png,0
C:\Users\labdsp\Documents\Croissant\only_pic\dataset\benign_images\benign (141).png,0
C:\Users\labdsp\Documents\Croissant\only_pic\dataset\benign_images\benign (142).png,0
C:\Users\labdsp\Documents\Croissant\only_pic\dataset\benign_images\benign (143).png,0
C:\Users\labdsp\Documents\Croissant\only_pic\dataset\benign_images\benign (144).png,0
C:\Users\labdsp\Documents\Croissant\only_pic\dataset\benign_images\benign (145).png,0
C:\Users\labdsp\Documents\Croissant\only_pic\dataset\benign_images\benign (146).png,0
C:\Users\labdsp\Documents\Croissant\only_pic\dataset\benign_images\benign (147).png,0
C:\Users\labdsp\Documents\Croissant\only_pic\dataset\benign_images\benign (148).png,0
C:\Users\labdsp\Documents\Croissant\only_pic\dataset\benign_images\benign (149).png,0
C:\Users\labdsp\Documents\Croissant\only_pic\dataset\benign_images\benign (15).png,0
C:\Users\labdsp\Documents\Croissant\only_pic\dataset\benign_images\benign (150).png,0
C:\Users\labdsp\Documents\Croissant\only_pic\dataset\benign_images\benign (151).png,0
C:\Users\labdsp\Documents\Croissant\only_pic\dataset\benign_images\benign (152).png,0
C:\Users\labdsp\Documents\Croissant\only_pic\dataset\benign_images\benign (153).png,0
C:\Users\labdsp\Documents\Croissant\only_pic\dataset\benign_images\benign (154).png,0
C:\Users\labdsp\Documents\Croissant\only_pic\dataset\benign_images\benign (155).png,0
C:\Users\labdsp\Documents\Croissant\only_pic\dataset\benign_images\benign (156).png,0
C:\Users\labdsp\Documents\Croissant\only_pic\dataset\benign_images\benign (157).png,0
C:\Users\labdsp\Documents\Croissant\only_pic\dataset\benign_images\benign (158).png,0
C:\Users\labdsp\Documents\Croissant\only_pic\dataset\benign_images\benign (159).png,0
C:\Users\labdsp\Documents\Croissant\only_pic\dataset\benign_images\benign (16).png,0
C:\Users\labdsp\Documents\Croissant\only_pic\dataset\benign_images\benign (160).png,0
C:\Users\labdsp\Documents\Croissant\only_pic\dataset\benign_images\benign (161).png,0
C:\Users\labdsp\Documents\Croissant\only_pic\dataset\benign_images\benign (162).png,0
C:\Users\labdsp\Documents\Croissant\only_pic\dataset\benign_images\benign (163).png,0
C:\Users\labdsp\Documents\Croissant\only_pic\dataset\benign_images\benign (164).png,0
C:\Users\labdsp\Documents\Croissant\only_pic\dataset\benign_images\benign (165).png,0
C:\Users\labdsp\Documents\Croissant\only_pic\dataset\benign_images\benign (166).png,0
C:\Users\labdsp\Documents\Croissant\only_pic\dataset\benign_images\benign (167).png,0
C:\Users\labdsp\Documents\Croissant\only_pic\dataset\benign_images\benign (168).png,0
C:\Users\labdsp\Documents\Croissant\only_pic\dataset\benign_images\benign (169).png,0
C:\Users\labdsp\Documents\Croissant\only_pic\dataset\benign_images\benign (17).png,0
C:\Users\labdsp\Documents\Croissant\only_pic\dataset\benign_images\benign (170).png,0
C:\Users\labdsp\Documents\Croissant\only_pic\dataset\benign_images\benign (171).png,0
C:\Users\labdsp\Documents\Croissant\only_pic\dataset\benign_images\benign (172).png,0
C:\Users\labdsp\Documents\Croissant\only_pic\dataset\benign_images\benign (173).png,0
C:\Users\labdsp\Documents\Croissant\only_pic\dataset\benign_images\benign (174).png,0
C:\Users\labdsp\Documents\Croissant\only_pic\dataset\benign_images\benign (175).png,0
C:\Users\labdsp\Documents\Croissant\only_pic\dataset\benign_images\benign (176).png,0
C:\Users\labdsp\Documents\Croissant\only_pic\dataset\benign_images\benign (177).png,0
C:\Users\labdsp\Documents\Croissant\only_pic\dataset\benign_images\benign (178).png,0
C:\Users\labdsp\Documents\Croissant\only_pic\dataset\benign_images\benign (179).png,0
C:\Users\labdsp\Documents\Croissant\only_pic\dataset\benign_images\benign (18).png,0
C:\Users\labdsp\Documents\Croissant\only_pic\dataset\benign_images\benign (180).png,0
C:\Users\labdsp\Documents\Croissant\only_pic\dataset\benign_images\benign (181).png,0
C:\Users\labdsp\Documents\Croissant\only_pic\dataset\benign_images\benign (182).png,0
C:\Users\labdsp\Documents\Croissant\only_pic\dataset\benign_images\benign (183).png,0
C:\Users\labdsp\Documents\Croissant\only_pic\dataset\benign_images\benign (184).png,0
C:\Users\labdsp\Documents\Croissant\only_pic\dataset\benign_images\benign (185).png,0
C:\Users\labdsp\Documents\Croissant\only_pic\dataset\benign_images\benign (186).png,0
C:\Users\labdsp\Documents\Croissant\only_pic\dataset\benign_images\benign (187).png,0
C:\Users\labdsp\Documents\Croissant\only_pic\dataset\benign_images\benign (188).png,0
C:\Users\labdsp\Documents\Croissant\only_pic\dataset\benign_images\benign (189).png,0
C:\Users\labdsp\Documents\Croissant\only_pic\dataset\benign_images\benign (19).png,0
C:\Users\labdsp\Documents\Croissant\only_pic\dataset\benign_images\benign (190).png,0
C:\Users\labdsp\Documents\Croissant\only_pic\dataset\benign_images\benign (191).png,0
C:\Users\labdsp\Documents\Croissant\only_pic\dataset\benign_images\benign (192).png,0
C:\Users\labdsp\Documents\Croissant\only_pic\dataset\benign_images\benign (193).png,0
C:\Users\labdsp\Documents\Croissant\only_pic\dataset\benign_images\benign (194).png,0
C:\Users\labdsp\Documents\Croissant\only_pic\dataset\benign_images\benign (195).png,0
C:\Users\labdsp\Documents\Croissant\only_pic\dataset\benign_images\benign (196).png,0
C:\Users\labdsp\Documents\Croissant\only_pic\dataset\benign_images\benign (197).png,0
C:\Users\labdsp\Documents\Croissant\only_pic\dataset\benign_images\benign (198).png,0
C:\Users\labdsp\Documents\Croissant\only_pic\dataset\benign_images\benign (199).png,0
C:\Users\labdsp\Documents\Croissant\only_pic\dataset\benign_images\benign (2).png,0
C:\Users\labdsp\Documents\Croissant\only_pic\dataset\benign_images\benign (20).png,0
C:\Users\labdsp\Documents\Croissant\only_pic\dataset\benign_images\benign (200).png,0
C:\Users\labdsp\Documents\Croissant\only_pic\dataset\benign_images\benign (201).png,0
C:\Users\labdsp\Documents\Croissant\only_pic\dataset\benign_images\benign (202).png,0
C:\Users\labdsp\Documents\Croissant\only_pic\dataset\benign_images\benign (203).png,0
C:\Users\labdsp\Documents\Croissant\only_pic\dataset\benign_images\benign (204).png,0
C:\Users\labdsp\Documents\Croissant\only_pic\dataset\benign_images\benign (205).png,0
C:\Users\labdsp\Documents\Croissant\only_pic\dataset\benign_images\benign (206).png,0
C:\Users\labdsp\Documents\Croissant\only_pic\dataset\benign_images\benign (207).png,0
C:\Users\labdsp\Documents\Croissant\only_pic\dataset\benign_images\benign (208).png,0
C:\Users\labdsp\Documents\Croissant\only_pic\dataset\benign_images\benign (209).png,0
C:\Users\labdsp\Documents\Croissant\only_pic\dataset\benign_images\benign (21).png,0
C:\Users\labdsp\Documents\Croissant\only_pic\dataset\benign_images\benign (210).png,0
C:\Users\labdsp\Documents\Croissant\only_pic\dataset\benign_images\benign (211).png,0
C:\Users\labdsp\Documents\Croissant\only_pic\dataset\benign_images\benign (212).png,0
C:\Users\labdsp\Documents\Croissant\only_pic\dataset\benign_images\benign (213).png,0
C:\Users\labdsp\Documents\Croissant\only_pic\dataset\benign_images\benign (214).png,0
C:\Users\labdsp\Documents\Croissant\only_pic\dataset\benign_images\benign (215).png,0
C:\Users\labdsp\Documents\Croissant\only_pic\dataset\benign_images\benign (216).png,0
C:\Users\labdsp\Documents\Croissant\only_pic\dataset\benign_images\benign (217).png,0
C:\Users\labdsp\Documents\Croissant\only_pic\dataset\benign_images\benign (218).png,0
C:\Users\labdsp\Documents\Croissant\only_pic\dataset\benign_images\benign (219).png,0
C:\Users\labdsp\Documents\Croissant\only_pic\dataset\benign_images\benign (22).png,0
C:\Users\labdsp\Documents\Croissant\only_pic\dataset\benign_images\benign (220).png,0
C:\Users\labdsp\Documents\Croissant\only_pic\dataset\benign_images\benign (221).png,0
C:\Users\labdsp\Documents\Croissant\only_pic\dataset\benign_images\benign (222).png,0
C:\Users\labdsp\Documents\Croissant\only_pic\dataset\benign_images\benign (223).png,0
C:\Users\labdsp\Documents\Croissant\only_pic\dataset\benign_images\benign (224).png,0
C:\Users\labdsp\Documents\Croissant\only_pic\dataset\benign_images\benign (225).png,0
C:\Users\labdsp\Documents\Croissant\only_pic\dataset\benign_images\benign (226).png,0
C:\Users\labdsp\Documents\Croissant\only_pic\dataset\benign_images\benign (227).png,0
C:\Users\labdsp\Documents\Croissant\only_pic\dataset\benign_images\benign (228).png,0
C:\Users\labdsp\Documents\Croissant\only_pic\dataset\benign_images\benign (229).png,0
C:\Users\labdsp\Documents\Croissant\only_pic\dataset\benign_images\benign (23).png,0
C:\Users\labdsp\Documents\Croissant\only_pic\dataset\benign_images\benign (230).png,0
C:\Users\labdsp\Documents\Croissant\only_pic\dataset\benign_images\benign (231).png,0
C:\Users\labdsp\Documents\Croissant\only_pic\dataset\benign_images\benign (232).png,0
C:\Users\labdsp\Documents\Croissant\only_pic\dataset\benign_images\benign (233).png,0
C:\Users\labdsp\Documents\Croissant\only_pic\dataset\benign_images\benign (234).png,0
C:\Users\labdsp\Documents\Croissant\only_pic\dataset\benign_images\benign (235).png,0
C:\Users\labdsp\Documents\Croissant\only_pic\dataset\benign_images\benign (236).png,0
C:\Users\labdsp\Documents\Croissant\only_pic\dataset\benign_images\benign (237).png,0
C:\Users\labdsp\Documents\Croissant\only_pic\dataset\benign_images\benign (238).png,0
C:\Users\labdsp\Documents\Croissant\only_pic\dataset\benign_images\benign (239).png,0
C:\Users\labdsp\Documents\Croissant\only_pic\dataset\benign_images\benign (24).png,0
C:\Users\labdsp\Documents\Croissant\only_pic\dataset\benign_images\benign (240).png,0
C:\Users\labdsp\Documents\Croissant\only_pic\dataset\benign_images\benign (241).png,0
C:\Users\labdsp\Documents\Croissant\only_pic\dataset\benign_images\benign (242).png,0
C:\Users\labdsp\Documents\Croissant\only_pic\dataset\benign_images\benign (243).png,0
C:\Users\labdsp\Documents\Croissant\only_pic\dataset\benign_images\benign (244).png,0
C:\Users\labdsp\Documents\Croissant\only_pic\dataset\benign_images\benign (245).png,0
C:\Users\labdsp\Documents\Croissant\only_pic\dataset\benign_images\benign (246).png,0
C:\Users\labdsp\Documents\Croissant\only_pic\dataset\benign_images\benign (247).png,0
C:\Users\labdsp\Documents\Croissant\only_pic\dataset\benign_images\benign (248).png,0
C:\Users\labdsp\Documents\Croissant\only_pic\dataset\benign_images\benign (249).png,0
C:\Users\labdsp\Documents\Croissant\only_pic\dataset\benign_images\benign (25).png,0
C:\Users\labdsp\Documents\Croissant\only_pic\dataset\benign_images\benign (250).png,0
C:\Users\labdsp\Documents\Croissant\only_pic\dataset\benign_images\benign (251).png,0
C:\Users\labdsp\Documents\Croissant\only_pic\dataset\benign_images\benign (252).png,0
C:\Users\labdsp\Documents\Croissant\only_pic\dataset\benign_images\benign (253).png,0
C:\Users\labdsp\Documents\Croissant\only_pic\dataset\benign_images\benign (254).png,0
C:\Users\labdsp\Documents\Croissant\only_pic\dataset\benign_images\benign (255).png,0
C:\Users\labdsp\Documents\Croissant\only_pic\dataset\benign_images\benign (256).png,0
C:\Users\labdsp\Documents\Croissant\only_pic\dataset\benign_images\benign (257).png,0
C:\Users\labdsp\Documents\Croissant\only_pic\dataset\benign_images\benign (258).png,0
C:\Users\labdsp\Documents\Croissant\only_pic\dataset\benign_images\benign (259).png,0
C:\Users\labdsp\Documents\Croissant\only_pic\dataset\benign_images\benign (26).png,0
C:\Users\labdsp\Documents\Croissant\only_pic\dataset\benign_images\benign (260).png,0
C:\Users\labdsp\Documents\Croissant\only_pic\dataset\benign_images\benign (261).png,0
C:\Users\labdsp\Documents\Croissant\only_pic\dataset\benign_images\benign (262).png,0
C:\Users\labdsp\Documents\Croissant\only_pic\dataset\benign_images\benign (263).png,0
C:\Users\labdsp\Documents\Croissant\only_pic\dataset\benign_images\benign (264).png,0
C:\Users\labdsp\Documents\Croissant\only_pic\dataset\benign_images\benign (265).png,0
C:\Users\labdsp\Documents\Croissant\only_pic\dataset\benign_images\benign (266).png,0
C:\Users\labdsp\Documents\Croissant\only_pic\dataset\benign_images\benign (267).png,0
C:\Users\labdsp\Documents\Croissant\only_pic\dataset\benign_images\benign (268).png,0
C:\Users\labdsp\Documents\Croissant\only_pic\dataset\benign_images\benign (269).png,0
C:\Users\labdsp\Documents\Croissant\only_pic\dataset\benign_images\benign (27).png,0
C:\Users\labdsp\Documents\Croissant\only_pic\dataset\benign_images\benign (270).png,0
C:\Users\labdsp\Documents\Croissant\only_pic\dataset\benign_images\benign (271).png,0
C:\Users\labdsp\Documents\Croissant\only_pic\dataset\benign_images\benign (272).png,0
C:\Users\labdsp\Documents\Croissant\only_pic\dataset\benign_images\benign (273).png,0
C:\Users\labdsp\Documents\Croissant\only_pic\dataset\benign_images\benign (274).png,0
C:\Users\labdsp\Documents\Croissant\only_pic\dataset\benign_images\benign (275).png,0
C:\Users\labdsp\Documents\Croissant\only_pic\dataset\benign_images\benign (276).png,0
C:\Users\labdsp\Documents\Croissant\only_pic\dataset\benign_images\benign (277).png,0
C:\Users\labdsp\Documents\Croissant\only_pic\dataset\benign_images\benign (278).png,0
C:\Users\labdsp\Documents\Croissant\only_pic\dataset\benign_images\benign (279).png,0
C:\Users\labdsp\Documents\Croissant\only_pic\dataset\benign_images\benign (28).png,0
C:\Users\labdsp\Documents\Croissant\only_pic\dataset\benign_images\benign (280).png,0
C:\Users\labdsp\Documents\Croissant\only_pic\dataset\benign_images\benign (281).png,0
C:\Users\labdsp\Documents\Croissant\only_pic\dataset\benign_images\benign (282).png,0
C:\Users\labdsp\Documents\Croissant\only_pic\dataset\benign_images\benign (283).png,0
C:\Users\labdsp\Documents\Croissant\only_pic\dataset\benign_images\benign (284).png,0
C:\Users\labdsp\Documents\Croissant\only_pic\dataset\benign_images\benign (285).png,0
C:\Users\labdsp\Documents\Croissant\only_pic\dataset\benign_images\benign (286).png,0
C:\Users\labdsp\Documents\Croissant\only_pic\dataset\benign_images\benign (287).png,0
C:\Users\labdsp\Documents\Croissant\only_pic\dataset\benign_images\benign (288).png,0
C:\Users\labdsp\Documents\Croissant\only_pic\dataset\benign_images\benign (289).png,0
C:\Users\labdsp\Documents\Croissant\only_pic\dataset\benign_images\benign (29).png,0
C:\Users\labdsp\Documents\Croissant\only_pic\dataset\benign_images\benign (290).png,0
C:\Users\labdsp\Documents\Croissant\only_pic\dataset\benign_images\benign (291).png,0
C:\Users\labdsp\Documents\Croissant\only_pic\dataset\benign_images\benign (292).png,0
C:\Users\labdsp\Documents\Croissant\only_pic\dataset\benign_images\benign (293).png,0
C:\Users\labdsp\Documents\Croissant\only_pic\dataset\benign_images\benign (294).png,0
C:\Users\labdsp\Documents\Croissant\only_pic\dataset\benign_images\benign (295).png,0
C:\Users\labdsp\Documents\Croissant\only_pic\dataset\benign_images\benign (296).png,0
C:\Users\labdsp\Documents\Croissant\only_pic\dataset\benign_images\benign (297).png,0
C:\Users\labdsp\Documents\Croissant\only_pic\dataset\benign_images\benign (298).png,0
C:\Users\labdsp\Documents\Croissant\only_pic\dataset\benign_images\benign (299).png,0
C:\Users\labdsp\Documents\Croissant\only_pic\dataset\benign_images\benign (3).png,0
C:\Users\labdsp\Documents\Croissant\only_pic\dataset\benign_images\benign (30).png,0
C:\Users\labdsp\Documents\Croissant\only_pic\dataset\benign_images\benign (300).png,0
C:\Users\labdsp\Documents\Croissant\only_pic\dataset\benign_images\benign (301).png,0
C:\Users\labdsp\Documents\Croissant\only_pic\dataset\benign_images\benign (302).png,0
C:\Users\labdsp\Documents\Croissant\only_pic\dataset\benign_images\benign (303).png,0
C:\Users\labdsp\Documents\Croissant\only_pic\dataset\benign_images\benign (304).png,0
C:\Users\labdsp\Documents\Croissant\only_pic\dataset\benign_images\benign (305).png,0
C:\Users\labdsp\Documents\Croissant\only_pic\dataset\benign_images\benign (306).png,0
C:\Users\labdsp\Documents\Croissant\only_pic\dataset\benign_images\benign (307).png,0
C:\Users\labdsp\Documents\Croissant\only_pic\dataset\benign_images\benign (308).png,0
C:\Users\labdsp\Documents\Croissant\only_pic\dataset\benign_images\benign (309).png,0
C:\Users\labdsp\Documents\Croissant\only_pic\dataset\benign_images\benign (31).png,0
C:\Users\labdsp\Documents\Croissant\only_pic\dataset\benign_images\benign (310).png,0
C:\Users\labdsp\Documents\Croissant\only_pic\dataset\benign_images\benign (311).png,0
C:\Users\labdsp\Documents\Croissant\only_pic\dataset\benign_images\benign (312).png,0
C:\Users\labdsp\Documents\Croissant\only_pic\dataset\benign_images\benign (313).png,0
C:\Users\labdsp\Documents\Croissant\only_pic\dataset\benign_images\benign (314).png,0
C:\Users\labdsp\Documents\Croissant\only_pic\dataset\benign_images\benign (315).png,0
C:\Users\labdsp\Documents\Croissant\only_pic\dataset\benign_images\benign (316).png,0
C:\Users\labdsp\Documents\Croissant\only_pic\dataset\benign_images\benign (317).png,0
C:\Users\labdsp\Documents\Croissant\only_pic\dataset\benign_images\benign (318).png,0
C:\Users\labdsp\Documents\Croissant\only_pic\dataset\benign_images\benign (319).png,0
C:\Users\labdsp\Documents\Croissant\only_pic\dataset\benign_images\benign (32).png,0
C:\Users\labdsp\Documents\Croissant\only_pic\dataset\benign_images\benign (320).png,0
C:\Users\labdsp\Documents\Croissant\only_pic\dataset\benign_images\benign (321).png,0
C:\Users\labdsp\Documents\Croissant\only_pic\dataset\benign_images\benign (322).png,0
C:\Users\labdsp\Documents\Croissant\only_pic\dataset\benign_images\benign (323).png,0
C:\Users\labdsp\Documents\Croissant\only_pic\dataset\benign_images\benign (324).png,0
C:\Users\labdsp\Documents\Croissant\only_pic\dataset\benign_images\benign (325).png,0
C:\Users\labdsp\Documents\Croissant\only_pic\dataset\benign_images\benign (326).png,0
C:\Users\labdsp\Documents\Croissant\only_pic\dataset\benign_images\benign (327).png,0
C:\Users\labdsp\Documents\Croissant\only_pic\dataset\benign_images\benign (328).png,0
C:\Users\labdsp\Documents\Croissant\only_pic\dataset\benign_images\benign (329).png,0
C:\Users\labdsp\Documents\Croissant\only_pic\dataset\benign_images\benign (33).png,0
C:\Users\labdsp\Documents\Croissant\only_pic\dataset\benign_images\benign (330).png,0
C:\Users\labdsp\Documents\Croissant\only_pic\dataset\benign_images\benign (331).png,0
C:\Users\labdsp\Documents\Croissant\only_pic\dataset\benign_images\benign (332).png,0
C:\Users\labdsp\Documents\Croissant\only_pic\dataset\benign_images\benign (333).png,0
C:\Users\labdsp\Documents\Croissant\only_pic\dataset\benign_images\benign (334).png,0
C:\Users\labdsp\Documents\Croissant\only_pic\dataset\benign_images\benign (335).png,0
C:\Users\labdsp\Documents\Croissant\only_pic\dataset\benign_images\benign (336).png,0
C:\Users\labdsp\Documents\Croissant\only_pic\dataset\benign_images\benign (337).png,0
C:\Users\labdsp\Documents\Croissant\only_pic\dataset\benign_images\benign (338).png,0
C:\Users\labdsp\Documents\Croissant\only_pic\dataset\benign_images\benign (339).png,0
C:\Users\labdsp\Documents\Croissant\only_pic\dataset\benign_images\benign (34).png,0
C:\Users\labdsp\Documents\Croissant\only_pic\dataset\benign_images\benign (340).png,0
C:\Users\labdsp\Documents\Croissant\only_pic\dataset\benign_images\benign (341).png,0
C:\Users\labdsp\Documents\Croissant\only_pic\dataset\benign_images\benign (342).png,0
C:\Users\labdsp\Documents\Croissant\only_pic\dataset\benign_images\benign (343).png,0
C:\Users\labdsp\Documents\Croissant\only_pic\dataset\benign_images\benign (344).png,0
C:\Users\labdsp\Documents\Croissant\only_pic\dataset\benign_images\benign (345).png,0
C:\Users\labdsp\Documents\Croissant\only_pic\dataset\benign_images\benign (346).png,0
C:\Users\labdsp\Documents\Croissant\only_pic\dataset\benign_images\benign (347).png,0
C:\Users\labdsp\Documents\Croissant\only_pic\dataset\benign_images\benign (348).png,0
C:\Users\labdsp\Documents\Croissant\only_pic\dataset\benign_images\benign (349).png,0
C:\Users\labdsp\Documents\Croissant\only_pic\dataset\benign_images\benign (35).png,0
C:\Users\labdsp\Documents\Croissant\only_pic\dataset\benign_images\benign (350).png,0
C:\Users\labdsp\Documents\Croissant\only_pic\dataset\benign_images\benign (351).png,0
C:\Users\labdsp\Documents\Croissant\only_pic\dataset\benign_images\benign (352).png,0
C:\Users\labdsp\Documents\Croissant\only_pic\dataset\benign_images\benign (353).png,0
C:\Users\labdsp\Documents\Croissant\only_pic\dataset\benign_images\benign (354).png,0
C:\Users\labdsp\Documents\Croissant\only_pic\dataset\benign_images\benign (355).png,0
C:\Users\labdsp\Documents\Croissant\only_pic\dataset\benign_images\benign (356).png,0
C:\Users\labdsp\Documents\Croissant\only_pic\dataset\benign_images\benign (357).png,0
C:\Users\labdsp\Documents\Croissant\only_pic\dataset\benign_images\benign (358).png,0
C:\Users\labdsp\Documents\Croissant\only_pic\dataset\benign_images\benign (359).png,0
C:\Users\labdsp\Documents\Croissant\only_pic\dataset\benign_images\benign (36).png,0
C:\Users\labdsp\Documents\Croissant\only_pic\dataset\benign_images\benign (360).png,0
C:\Users\labdsp\Documents\Croissant\only_pic\dataset\benign_images\benign (361).png,0
C:\Users\labdsp\Documents\Croissant\only_pic\dataset\benign_images\benign (362).png,0
C:\Users\labdsp\Documents\Croissant\only_pic\dataset\benign_images\benign (363).png,0
C:\Users\labdsp\Documents\Croissant\only_pic\dataset\benign_images\benign (364).png,0
C:\Users\labdsp\Documents\Croissant\only_pic\dataset\benign_images\benign (365).png,0
C:\Users\labdsp\Documents\Croissant\only_pic\dataset\benign_images\benign (366).png,0
C:\Users\labdsp\Documents\Croissant\only_pic\dataset\benign_images\benign (367).png,0
C:\Users\labdsp\Documents\Croissant\only_pic\dataset\benign_images\benign (368).png,0
C:\Users\labdsp\Documents\Croissant\only_pic\dataset\benign_images\benign (369).png,0
C:\Users\labdsp\Documents\Croissant\only_pic\dataset\benign_images\benign (37).png,0
C:\Users\labdsp\Documents\Croissant\only_pic\dataset\benign_images\benign (370).png,0
C:\Users\labdsp\Documents\Croissant\only_pic\dataset\benign_images\benign (371).png,0
C:\Users\labdsp\Documents\Croissant\only_pic\dataset\benign_images\benign (372).png,0
C:\Users\labdsp\Documents\Croissant\only_pic\dataset\benign_images\benign (373).png,0
C:\Users\labdsp\Documents\Croissant\only_pic\dataset\benign_images\benign (374).png,0
C:\Users\labdsp\Documents\Croissant\only_pic\dataset\benign_images\benign (375).png,0
C:\Users\labdsp\Documents\Croissant\only_pic\dataset\benign_images\benign (376).png,0
C:\Users\labdsp\Documents\Croissant\only_pic\dataset\benign_images\benign (377).png,0
C:\Users\labdsp\Documents\Croissant\only_pic\dataset\benign_images\benign (378).png,0
C:\Users\labdsp\Documents\Croissant\only_pic\dataset\benign_images\benign (379).png,0
C:\Users\labdsp\Documents\Croissant\only_pic\dataset\benign_images\benign (38).png,0
C:\Users\labdsp\Documents\Croissant\only_pic\dataset\benign_images\benign (380).png,0
C:\Users\labdsp\Documents\Croissant\only_pic\dataset\benign_images\benign (381).png,0
C:\Users\labdsp\Documents\Croissant\only_pic\dataset\benign_images\benign (382).png,0
C:\Users\labdsp\Documents\Croissant\only_pic\dataset\benign_images\benign (383).png,0
C:\Users\labdsp\Documents\Croissant\only_pic\dataset\benign_images\benign (384).png,0
C:\Users\labdsp\Documents\Croissant\only_pic\dataset\benign_images\benign (385).png,0
C:\Users\labdsp\Documents\Croissant\only_pic\dataset\benign_images\benign (386).png,0
C:\Users\labdsp\Documents\Croissant\only_pic\dataset\benign_images\benign (387).png,0
C:\Users\labdsp\Documents\Croissant\only_pic\dataset\benign_images\benign (388).png,0
C:\Users\labdsp\Documents\Croissant\only_pic\dataset\benign_images\benign (389).png,0
C:\Users\labdsp\Documents\Croissant\only_pic\dataset\benign_images\benign (39).png,0
C:\Users\labdsp\Documents\Croissant\only_pic\dataset\benign_images\benign (390).png,0
C:\Users\labdsp\Documents\Croissant\only_pic\dataset\benign_images\benign (391).png,0
C:\Users\labdsp\Documents\Croissant\only_pic\dataset\benign_images\benign (392).png,0
C:\Users\labdsp\Documents\Croissant\only_pic\dataset\benign_images\benign (393).png,0
C:\Users\labdsp\Documents\Croissant\only_pic\dataset\benign_images\benign (394).png,0
C:\Users\labdsp\Documents\Croissant\only_pic\dataset\benign_images\benign (395).png,0
C:\Users\labdsp\Documents\Croissant\only_pic\dataset\benign_images\benign (396).png,0
C:\Users\labdsp\Documents\Croissant\only_pic\dataset\benign_images\benign (397).png,0
C:\Users\labdsp\Documents\Croissant\only_pic\dataset\benign_images\benign (398).png,0
C:\Users\labdsp\Documents\Croissant\only_pic\dataset\benign_images\benign (399).png,0
C:\Users\labdsp\Documents\Croissant\only_pic\dataset\benign_images\benign (4).png,0
C:\Users\labdsp\Documents\Croissant\only_pic\dataset\benign_images\benign (40).png,0
C:\Users\labdsp\Documents\Croissant\only_pic\dataset\benign_images\benign (400).png,0
C:\Users\labdsp\Documents\Croissant\only_pic\dataset\benign_images\benign (401).png,0
C:\Users\labdsp\Documents\Croissant\only_pic\dataset\benign_images\benign (402).png,0
C:\Users\labdsp\Documents\Croissant\only_pic\dataset\benign_images\benign (403).png,0
C:\Users\labdsp\Documents\Croissant\only_pic\dataset\benign_images\benign (404).png,0
C:\Users\labdsp\Documents\Croissant\only_pic\dataset\benign_images\benign (405).png,0
C:\Users\labdsp\Documents\Croissant\only_pic\dataset\benign_images\benign (406).png,0
C:\Users\labdsp\Documents\Croissant\only_pic\dataset\benign_images\benign (407).png,0
C:\Users\labdsp\Documents\Croissant\only_pic\dataset\benign_images\benign (408).png,0
C:\Users\labdsp\Documents\Croissant\only_pic\dataset\benign_images\benign (409).png,0
C:\Users\labdsp\Documents\Croissant\only_pic\dataset\benign_images\benign (41).png,0
C:\Users\labdsp\Documents\Croissant\only_pic\dataset\benign_images\benign (410).png,0
C:\Users\labdsp\Documents\Croissant\only_pic\dataset\benign_images\benign (411).png,0
C:\Users\labdsp\Documents\Croissant\only_pic\dataset\benign_images\benign (412).png,0
C:\Users\labdsp\Documents\Croissant\only_pic\dataset\benign_images\benign (413).png,0
C:\Users\labdsp\Documents\Croissant\only_pic\dataset\benign_images\benign (414).png,0
C:\Users\labdsp\Documents\Croissant\only_pic\dataset\benign_images\benign (415).png,0
C:\Users\labdsp\Documents\Croissant\only_pic\dataset\benign_images\benign (416).png,0
C:\Users\labdsp\Documents\Croissant\only_pic\dataset\benign_images\benign (417).png,0
C:\Users\labdsp\Documents\Croissant\only_pic\dataset\benign_images\benign (418).png,0
C:\Users\labdsp\Documents\Croissant\only_pic\dataset\benign_images\benign (419).png,0
C:\Users\labdsp\Documents\Croissant\only_pic\dataset\benign_images\benign (42).png,0
C:\Users\labdsp\Documents\Croissant\only_pic\dataset\benign_images\benign (420).png,0
C:\Users\labdsp\Documents\Croissant\only_pic\dataset\benign_images\benign (421).png,0
C:\Users\labdsp\Documents\Croissant\only_pic\dataset\benign_images\benign (422).png,0
C:\Users\labdsp\Documents\Croissant\only_pic\dataset\benign_images\benign (423).png,0
C:\Users\labdsp\Documents\Croissant\only_pic\dataset\benign_images\benign (424).png,0
C:\Users\labdsp\Documents\Croissant\only_pic\dataset\benign_images\benign (425).png,0
C:\Users\labdsp\Documents\Croissant\only_pic\dataset\benign_images\benign (426).png,0
C:\Users\labdsp\Documents\Croissant\only_pic\dataset\benign_images\benign (427).png,0
C:\Users\labdsp\Documents\Croissant\only_pic\dataset\benign_images\benign (428).png,0
C:\Users\labdsp\Documents\Croissant\only_pic\dataset\benign_images\benign (429).png,0
C:\Users\labdsp\Documents\Croissant\only_pic\dataset\benign_images\benign (43).png,0
C:\Users\labdsp\Documents\Croissant\only_pic\dataset\benign_images\benign (430).png,0
C:\Users\labdsp\Documents\Croissant\only_pic\dataset\benign_images\benign (431).png,0
C:\Users\labdsp\Documents\Croissant\only_pic\dataset\benign_images\benign (432).png,0
C:\Users\labdsp\Documents\Croissant\only_pic\dataset\benign_images\benign (433).png,0
C:\Users\labdsp\Documents\Croissant\only_pic\dataset\benign_images\benign (434).png,0
C:\Users\labdsp\Documents\Croissant\only_pic\dataset\benign_images\benign (435).png,0
C:\Users\labdsp\Documents\Croissant\only_pic\dataset\benign_images\benign (436).png,0
C:\Users\labdsp\Documents\Croissant\only_pic\dataset\benign_images\benign (437).png,0
C:\Users\labdsp\Documents\Croissant\only_pic\dataset\benign_images\benign (44).png,0
C:\Users\labdsp\Documents\Croissant\only_pic\dataset\benign_images\benign (45).png,0
C:\Users\labdsp\Documents\Croissant\only_pic\dataset\benign_images\benign (46).png,0
C:\Users\labdsp\Documents\Croissant\only_pic\dataset\benign_images\benign (47).png,0
C:\Users\labdsp\Documents\Croissant\only_pic\dataset\benign_images\benign (48).png,0
C:\Users\labdsp\Documents\Croissant\only_pic\dataset\benign_images\benign (49).png,0
C:\Users\labdsp\Documents\Croissant\only_pic\dataset\benign_images\benign (5).png,0
C:\Users\labdsp\Documents\Croissant\only_pic\dataset\benign_images\benign (50).png,0
C:\Users\labdsp\Documents\Croissant\only_pic\dataset\benign_images\benign (51).png,0
C:\Users\labdsp\Documents\Croissant\only_pic\dataset\benign_images\benign (52).png,0
C:\Users\labdsp\Documents\Croissant\only_pic\dataset\benign_images\benign (53).png,0
C:\Users\labdsp\Documents\Croissant\only_pic\dataset\benign_images\benign (54).png,0
C:\Users\labdsp\Documents\Croissant\only_pic\dataset\benign_images\benign (55).png,0
C:\Users\labdsp\Documents\Croissant\only_pic\dataset\benign_images\benign (56).png,0
C:\Users\labdsp\Documents\Croissant\only_pic\dataset\benign_images\benign (57).png,0
C:\Users\labdsp\Documents\Croissant\only_pic\dataset\benign_images\benign (58).png,0
C:\Users\labdsp\Documents\Croissant\only_pic\dataset\benign_images\benign (59).png,0
C:\Users\labdsp\Documents\Croissant\only_pic\dataset\benign_images\benign (6).png,0
C:\Users\labdsp\Documents\Croissant\only_pic\dataset\benign_images\benign (60).png,0
C:\Users\labdsp\Documents\Croissant\only_pic\dataset\benign_images\benign (61).png,0
C:\Users\labdsp\Documents\Croissant\only_pic\dataset\benign_images\benign (62).png,0
C:\Users\labdsp\Documents\Croissant\only_pic\dataset\benign_images\benign (63).png,0
C:\Users\labdsp\Documents\Croissant\only_pic\dataset\benign_images\benign (64).png,0
C:\Users\labdsp\Documents\Croissant\only_pic\dataset\benign_images\benign (65).png,0
C:\Users\labdsp\Documents\Croissant\only_pic\dataset\benign_images\benign (66).png,0
C:\Users\labdsp\Documents\Croissant\only_pic\dataset\benign_images\benign (67).png,0
C:\Users\labdsp\Documents\Croissant\only_pic\dataset\benign_images\benign (68).png,0
C:\Users\labdsp\Documents\Croissant\only_pic\dataset\benign_images\benign (69).png,0
C:\Users\labdsp\Documents\Croissant\only_pic\dataset\benign_images\benign (7).png,0
C:\Users\labdsp\Documents\Croissant\only_pic\dataset\benign_images\benign (70).png,0
C:\Users\labdsp\Documents\Croissant\only_pic\dataset\benign_images\benign (71).png,0
C:\Users\labdsp\Documents\Croissant\only_pic\dataset\benign_images\benign (72).png,0
C:\Users\labdsp\Documents\Croissant\only_pic\dataset\benign_images\benign (73).png,0
C:\Users\labdsp\Documents\Croissant\only_pic\dataset\benign_images\benign (74).png,0
C:\Users\labdsp\Documents\Croissant\only_pic\dataset\benign_images\benign (75).png,0
C:\Users\labdsp\Documents\Croissant\only_pic\dataset\benign_images\benign (76).png,0
C:\Users\labdsp\Documents\Croissant\only_pic\dataset\benign_images\benign (77).png,0
C:\Users\labdsp\Documents\Croissant\only_pic\dataset\benign_images\benign (78).png,0
C:\Users\labdsp\Documents\Croissant\only_pic\dataset\benign_images\benign (79).png,0
C:\Users\labdsp\Documents\Croissant\only_pic\dataset\benign_images\benign (8).png,0
C:\Users\labdsp\Documents\Croissant\only_pic\dataset\benign_images\benign (80).png,0
C:\Users\labdsp\Documents\Croissant\only_pic\dataset\benign_images\benign (81).png,0
C:\Users\labdsp\Documents\Croissant\only_pic\dataset\benign_images\benign (82).png,0
C:\Users\labdsp\Documents\Croissant\only_pic\dataset\benign_images\benign (83).png,0
C:\Users\labdsp\Documents\Croissant\only_pic\dataset\benign_images\benign (84).png,0
C:\Users\labdsp\Documents\Croissant\only_pic\dataset\benign_images\benign (85).png,0
C:\Users\labdsp\Documents\Croissant\only_pic\dataset\benign_images\benign (86).png,0
C:\Users\labdsp\Documents\Croissant\only_pic\dataset\benign_images\benign (87).png,0
C:\Users\labdsp\Documents\Croissant\only_pic\dataset\benign_images\benign (88).png,0
C:\Users\labdsp\Documents\Croissant\only_pic\dataset\benign_images\benign (89).png,0
C:\Users\labdsp\Documents\Croissant\only_pic\dataset\benign_images\benign (9).png,0
C:\Users\labdsp\Documents\Croissant\only_pic\dataset\benign_images\benign (90).png,0
C:\Users\labdsp\Documents\Croissant\only_pic\dataset\benign_images\benign (91).png,0
C:\Users\labdsp\Documents\Croissant\only_pic\dataset\benign_images\benign (92).png,0
C:\Users\labdsp\Documents\Croissant\only_pic\dataset\benign_images\benign (93).png,0
C:\Users\labdsp\Documents\Croissant\only_pic\dataset\benign_images\benign (94).png,0
C:\Users\labdsp\Documents\Croissant\only_pic\dataset\benign_images\benign (95).png,0
C:\Users\labdsp\Documents\Croissant\only_pic\dataset\benign_images\benign (96).png,0
C:\Users\labdsp\Documents\Croissant\only_pic\dataset\benign_images\benign (97).png,0
C:\Users\labdsp\Documents\Croissant\only_pic\dataset\benign_images\benign (98).png,0
C:\Users\labdsp\Documents\Croissant\only_pic\dataset\benign_images\benign (99).png,0
C:\Users\labdsp\Documents\Croissant\only_pic\dataset\malign_images\malignant (1).png,1
C:\Users\labdsp\Documents\Croissant\only_pic\dataset\malign_images\malignant (10).png,1
C:\Users\labdsp\Documents\Croissant\only_pic\dataset\malign_images\malignant (100).png,1
C:\Users\labdsp\Documents\Croissant\only_pic\dataset\malign_images\malignant (101).png,1
C:\Users\labdsp\Documents\Croissant\only_pic\dataset\malign_images\malignant (102).png,1
C:\Users\labdsp\Documents\Croissant\only_pic\dataset\malign_images\malignant (103).png,1
C:\Users\labdsp\Documents\Croissant\only_pic\dataset\malign_images\malignant (104).png,1
C:\Users\labdsp\Documents\Croissant\only_pic\dataset\malign_images\malignant (105).png,1
C:\Users\labdsp\Documents\Croissant\only_pic\dataset\malign_images\malignant (106).png,1
C:\Users\labdsp\Documents\Croissant\only_pic\dataset\malign_images\malignant (107).png,1
C:\Users\labdsp\Documents\Croissant\only_pic\dataset\malign_images\malignant (108).png,1
C:\Users\labdsp\Documents\Croissant\only_pic\dataset\malign_images\malignant (109).png,1
C:\Users\labdsp\Documents\Croissant\only_pic\dataset\malign_images\malignant (11).png,1
C:\Users\labdsp\Documents\Croissant\only_pic\dataset\malign_images\malignant (110).png,1
C:\Users\labdsp\Documents\Croissant\only_pic\dataset\malign_images\malignant (111).png,1
C:\Users\labdsp\Documents\Croissant\only_pic\dataset\malign_images\malignant (112).png,1
C:\Users\labdsp\Documents\Croissant\only_pic\dataset\malign_images\malignant (113).png,1
C:\Users\labdsp\Documents\Croissant\only_pic\dataset\malign_images\malignant (114).png,1
C:\Users\labdsp\Documents\Croissant\only_pic\dataset\malign_images\malignant (115).png,1
C:\Users\labdsp\Documents\Croissant\only_pic\dataset\malign_images\malignant (116).png,1
C:\Users\labdsp\Documents\Croissant\only_pic\dataset\malign_images\malignant (117).png,1
C:\Users\labdsp\Documents\Croissant\only_pic\dataset\malign_images\malignant (118).png,1
C:\Users\labdsp\Documents\Croissant\only_pic\dataset\malign_images\malignant (119).png,1
C:\Users\labdsp\Documents\Croissant\only_pic\dataset\malign_images\malignant (12).png,1
C:\Users\labdsp\Documents\Croissant\only_pic\dataset\malign_images\malignant (120).png,1
C:\Users\labdsp\Documents\Croissant\only_pic\dataset\malign_images\malignant (121).png,1
C:\Users\labdsp\Documents\Croissant\only_pic\dataset\malign_images\malignant (122).png,1
C:\Users\labdsp\Documents\Croissant\only_pic\dataset\malign_images\malignant (123).png,1
C:\Users\labdsp\Documents\Croissant\only_pic\dataset\malign_images\malignant (124).png,1
C:\Users\labdsp\Documents\Croissant\only_pic\dataset\malign_images\malignant (125).png,1
C:\Users\labdsp\Documents\Croissant\only_pic\dataset\malign_images\malignant (126).png,1
C:\Users\labdsp\Documents\Croissant\only_pic\dataset\malign_images\malignant (127).png,1
C:\Users\labdsp\Documents\Croissant\only_pic\dataset\malign_images\malignant (128).png,1
C:\Users\labdsp\Documents\Croissant\only_pic\dataset\malign_images\malignant (129).png,1
C:\Users\labdsp\Documents\Croissant\only_pic\dataset\malign_images\malignant (13).png,1
C:\Users\labdsp\Documents\Croissant\only_pic\dataset\malign_images\malignant (130).png,1
C:\Users\labdsp\Documents\Croissant\only_pic\dataset\malign_images\malignant (131).png,1
C:\Users\labdsp\Documents\Croissant\only_pic\dataset\malign_images\malignant (132).png,1
C:\Users\labdsp\Documents\Croissant\only_pic\dataset\malign_images\malignant (133).png,1
C:\Users\labdsp\Documents\Croissant\only_pic\dataset\malign_images\malignant (134).png,1
C:\Users\labdsp\Documents\Croissant\only_pic\dataset\malign_images\malignant (135).png,1
C:\Users\labdsp\Documents\Croissant\only_pic\dataset\malign_images\malignant (136).png,1
C:\Users\labdsp\Documents\Croissant\only_pic\dataset\malign_images\malignant (137).png,1
C:\Users\labdsp\Documents\Croissant\only_pic\dataset\malign_images\malignant (138).png,1
C:\Users\labdsp\Documents\Croissant\only_pic\dataset\malign_images\malignant (139).png,1
C:\Users\labdsp\Documents\Croissant\only_pic\dataset\malign_images\malignant (14).png,1
C:\Users\labdsp\Documents\Croissant\only_pic\dataset\malign_images\malignant (140).png,1
C:\Users\labdsp\Documents\Croissant\only_pic\dataset\malign_images\malignant (141).png,1
C:\Users\labdsp\Documents\Croissant\only_pic\dataset\malign_images\malignant (142).png,1
C:\Users\labdsp\Documents\Croissant\only_pic\dataset\malign_images\malignant (143).png,1
C:\Users\labdsp\Documents\Croissant\only_pic\dataset\malign_images\malignant (144).png,1
C:\Users\labdsp\Documents\Croissant\only_pic\dataset\malign_images\malignant (145).png,1
C:\Users\labdsp\Documents\Croissant\only_pic\dataset\malign_images\malignant (146).png,1
C:\Users\labdsp\Documents\Croissant\only_pic\dataset\malign_images\malignant (147).png,1
C:\Users\labdsp\Documents\Croissant\only_pic\dataset\malign_images\malignant (148).png,1
C:\Users\labdsp\Documents\Croissant\only_pic\dataset\malign_images\malignant (149).png,1
C:\Users\labdsp\Documents\Croissant\only_pic\dataset\malign_images\malignant (15).png,1
C:\Users\labdsp\Documents\Croissant\only_pic\dataset\malign_images\malignant (150).png,1
C:\Users\labdsp\Documents\Croissant\only_pic\dataset\malign_images\malignant (151).png,1
C:\Users\labdsp\Documents\Croissant\only_pic\dataset\malign_images\malignant (152).png,1
C:\Users\labdsp\Documents\Croissant\only_pic\dataset\malign_images\malignant (153).png,1
C:\Users\labdsp\Documents\Croissant\only_pic\dataset\malign_images\malignant (154).png,1
C:\Users\labdsp\Documents\Croissant\only_pic\dataset\malign_images\malignant (155).png,1
C:\Users\labdsp\Documents\Croissant\only_pic\dataset\malign_images\malignant (156).png,1
C:\Users\labdsp\Documents\Croissant\only_pic\dataset\malign_images\malignant (157).png,1
C:\Users\labdsp\Documents\Croissant\only_pic\dataset\malign_images\malignant (158).png,1
C:\Users\labdsp\Documents\Croissant\only_pic\dataset\malign_images\malignant (159).png,1
C:\Users\labdsp\Documents\Croissant\only_pic\dataset\malign_images\malignant (16).png,1
C:\Users\labdsp\Documents\Croissant\only_pic\dataset\malign_images\malignant (160).png,1
C:\Users\labdsp\Documents\Croissant\only_pic\dataset\malign_images\malignant (161).png,1
C:\Users\labdsp\Documents\Croissant\only_pic\dataset\malign_images\malignant (162).png,1
C:\Users\labdsp\Documents\Croissant\only_pic\dataset\malign_images\malignant (163).png,1
C:\Users\labdsp\Documents\Croissant\only_pic\dataset\malign_images\malignant (164).png,1
C:\Users\labdsp\Documents\Croissant\only_pic\dataset\malign_images\malignant (165).png,1
C:\Users\labdsp\Documents\Croissant\only_pic\dataset\malign_images\malignant (166).png,1
C:\Users\labdsp\Documents\Croissant\only_pic\dataset\malign_images\malignant (167).png,1
C:\Users\labdsp\Documents\Croissant\only_pic\dataset\malign_images\malignant (168).png,1
C:\Users\labdsp\Documents\Croissant\only_pic\dataset\malign_images\malignant (169).png,1
C:\Users\labdsp\Documents\Croissant\only_pic\dataset\malign_images\malignant (17).png,1
C:\Users\labdsp\Documents\Croissant\only_pic\dataset\malign_images\malignant (170).png,1
C:\Users\labdsp\Documents\Croissant\only_pic\dataset\malign_images\malignant (171).png,1
C:\Users\labdsp\Documents\Croissant\only_pic\dataset\malign_images\malignant (172).png,1
C:\Users\labdsp\Documents\Croissant\only_pic\dataset\malign_images\malignant (173).png,1
C:\Users\labdsp\Documents\Croissant\only_pic\dataset\malign_images\malignant (174).png,1
C:\Users\labdsp\Documents\Croissant\only_pic\dataset\malign_images\malignant (175).png,1
C:\Users\labdsp\Documents\Croissant\only_pic\dataset\malign_images\malignant (176).png,1
C:\Users\labdsp\Documents\Croissant\only_pic\dataset\malign_images\malignant (177).png,1
C:\Users\labdsp\Documents\Croissant\only_pic\dataset\malign_images\malignant (178).png,1
C:\Users\labdsp\Documents\Croissant\only_pic\dataset\malign_images\malignant (179).png,1
C:\Users\labdsp\Documents\Croissant\only_pic\dataset\malign_images\malignant (18).png,1
C:\Users\labdsp\Documents\Croissant\only_pic\dataset\malign_images\malignant (180).png,1
C:\Users\labdsp\Documents\Croissant\only_pic\dataset\malign_images\malignant (181).png,1
C:\Users\labdsp\Documents\Croissant\only_pic\dataset\malign_images\malignant (182).png,1
C:\Users\labdsp\Documents\Croissant\only_pic\dataset\malign_images\malignant (183).png,1
C:\Users\labdsp\Documents\Croissant\only_pic\dataset\malign_images\malignant (184).png,1
C:\Users\labdsp\Documents\Croissant\only_pic\dataset\malign_images\malignant (185).png,1
C:\Users\labdsp\Documents\Croissant\only_pic\dataset\malign_images\malignant (186).png,1
C:\Users\labdsp\Documents\Croissant\only_pic\dataset\malign_images\malignant (187).png,1
C:\Users\labdsp\Documents\Croissant\only_pic\dataset\malign_images\malignant (188).png,1
C:\Users\labdsp\Documents\Croissant\only_pic\dataset\malign_images\malignant (189).png,1
C:\Users\labdsp\Documents\Croissant\only_pic\dataset\malign_images\malignant (19).png,1
C:\Users\labdsp\Documents\Croissant\only_pic\dataset\malign_images\malignant (190).png,1
C:\Users\labdsp\Documents\Croissant\only_pic\dataset\malign_images\malignant (191).png,1
C:\Users\labdsp\Documents\Croissant\only_pic\dataset\malign_images\malignant (192).png,1
C:\Users\labdsp\Documents\Croissant\only_pic\dataset\malign_images\malignant (193).png,1
C:\Users\labdsp\Documents\Croissant\only_pic\dataset\malign_images\malignant (194).png,1
C:\Users\labdsp\Documents\Croissant\only_pic\dataset\malign_images\malignant (195).png,1
C:\Users\labdsp\Documents\Croissant\only_pic\dataset\malign_images\malignant (196).png,1
C:\Users\labdsp\Documents\Croissant\only_pic\dataset\malign_images\malignant (197).png,1
C:\Users\labdsp\Documents\Croissant\only_pic\dataset\malign_images\malignant (198).png,1
C:\Users\labdsp\Documents\Croissant\only_pic\dataset\malign_images\malignant (199).png,1
C:\Users\labdsp\Documents\Croissant\only_pic\dataset\malign_images\malignant (2).png,1
C:\Users\labdsp\Documents\Croissant\only_pic\dataset\malign_images\malignant (20).png,1
C:\Users\labdsp\Documents\Croissant\only_pic\dataset\malign_images\malignant (200).png,1
C:\Users\labdsp\Documents\Croissant\only_pic\dataset\malign_images\malignant (201).png,1
C:\Users\labdsp\Documents\Croissant\only_pic\dataset\malign_images\malignant (202).png,1
C:\Users\labdsp\Documents\Croissant\only_pic\dataset\malign_images\malignant (203).png,1
C:\Users\labdsp\Documents\Croissant\only_pic\dataset\malign_images\malignant (204).png,1
C:\Users\labdsp\Documents\Croissant\only_pic\dataset\malign_images\malignant (205).png,1
C:\Users\labdsp\Documents\Croissant\only_pic\dataset\malign_images\malignant (206).png,1
C:\Users\labdsp\Documents\Croissant\only_pic\dataset\malign_images\malignant (207).png,1
C:\Users\labdsp\Documents\Croissant\only_pic\dataset\malign_images\malignant (208).png,1
C:\Users\labdsp\Documents\Croissant\only_pic\dataset\malign_images\malignant (209).png,1
C:\Users\labdsp\Documents\Croissant\only_pic\dataset\malign_images\malignant (21).png,1
C:\Users\labdsp\Documents\Croissant\only_pic\dataset\malign_images\malignant (210).png,1
C:\Users\labdsp\Documents\Croissant\only_pic\dataset\malign_images\malignant (22).png,1
C:\Users\labdsp\Documents\Croissant\only_pic\dataset\malign_images\malignant (23).png,1
C:\Users\labdsp\Documents\Croissant\only_pic\dataset\malign_images\malignant (24).png,1
C:\Users\labdsp\Documents\Croissant\only_pic\dataset\malign_images\malignant (25).png,1
C:\Users\labdsp\Documents\Croissant\only_pic\dataset\malign_images\malignant (26).png,1
C:\Users\labdsp\Documents\Croissant\only_pic\dataset\malign_images\malignant (27).png,1
C:\Users\labdsp\Documents\Croissant\only_pic\dataset\malign_images\malignant (28).png,1
C:\Users\labdsp\Documents\Croissant\only_pic\dataset\malign_images\malignant (29).png,1
C:\Users\labdsp\Documents\Croissant\only_pic\dataset\malign_images\malignant (3).png,1
C:\Users\labdsp\Documents\Croissant\only_pic\dataset\malign_images\malignant (30).png,1
C:\Users\labdsp\Documents\Croissant\only_pic\dataset\malign_images\malignant (31).png,1
C:\Users\labdsp\Documents\Croissant\only_pic\dataset\malign_images\malignant (32).png,1
C:\Users\labdsp\Documents\Croissant\only_pic\dataset\malign_images\malignant (33).png,1
C:\Users\labdsp\Documents\Croissant\only_pic\dataset\malign_images\malignant (34).png,1
C:\Users\labdsp\Documents\Croissant\only_pic\dataset\malign_images\malignant (35).png,1
C:\Users\labdsp\Documents\Croissant\only_pic\dataset\malign_images\malignant (36).png,1
C:\Users\labdsp\Documents\Croissant\only_pic\dataset\malign_images\malignant (37).png,1
C:\Users\labdsp\Documents\Croissant\only_pic\dataset\malign_images\malignant (38).png,1
C:\Users\labdsp\Documents\Croissant\only_pic\dataset\malign_images\malignant (39).png,1
C:\Users\labdsp\Documents\Croissant\only_pic\dataset\malign_images\malignant (4).png,1
C:\Users\labdsp\Documents\Croissant\only_pic\dataset\malign_images\malignant (40).png,1
C:\Users\labdsp\Documents\Croissant\only_pic\dataset\malign_images\malignant (41).png,1
C:\Users\labdsp\Documents\Croissant\only_pic\dataset\malign_images\malignant (42).png,1
C:\Users\labdsp\Documents\Croissant\only_pic\dataset\malign_images\malignant (43).png,1
C:\Users\labdsp\Documents\Croissant\only_pic\dataset\malign_images\malignant (44).png,1
C:\Users\labdsp\Documents\Croissant\only_pic\dataset\malign_images\malignant (45).png,1
C:\Users\labdsp\Documents\Croissant\only_pic\dataset\malign_images\malignant (46).png,1
C:\Users\labdsp\Documents\Croissant\only_pic\dataset\malign_images\malignant (47).png,1
C:\Users\labdsp\Documents\Croissant\only_pic\dataset\malign_images\malignant (48).png,1
C:\Users\labdsp\Documents\Croissant\only_pic\dataset\malign_images\malignant (49).png,1
C:\Users\labdsp\Documents\Croissant\only_pic\dataset\malign_images\malignant (5).png,1
C:\Users\labdsp\Documents\Croissant\only_pic\dataset\malign_images\malignant (50).png,1
C:\Users\labdsp\Documents\Croissant\only_pic\dataset\malign_images\malignant (51).png,1
C:\Users\labdsp\Documents\Croissant\only_pic\dataset\malign_images\malignant (52).png,1
C:\Users\labdsp\Documents\Croissant\only_pic\dataset\malign_images\malignant (53).png,1
C:\Users\labdsp\Documents\Croissant\only_pic\dataset\malign_images\malignant (54).png,1
C:\Users\labdsp\Documents\Croissant\only_pic\dataset\malign_images\malignant (55).png,1
C:\Users\labdsp\Documents\Croissant\only_pic\dataset\malign_images\malignant (56).png,1
C:\Users\labdsp\Documents\Croissant\only_pic\dataset\malign_images\malignant (57).png,1
C:\Users\labdsp\Documents\Croissant\only_pic\dataset\malign_images\malignant (58).png,1
C:\Users\labdsp\Documents\Croissant\only_pic\dataset\malign_images\malignant (59).png,1
C:\Users\labdsp\Documents\Croissant\only_pic\dataset\malign_images\malignant (6).png,1
C:\Users\labdsp\Documents\Croissant\only_pic\dataset\malign_images\malignant (60).png,1
C:\Users\labdsp\Documents\Croissant\only_pic\dataset\malign_images\malignant (61).png,1
C:\Users\labdsp\Documents\Croissant\only_pic\dataset\malign_images\malignant (62).png,1
C:\Users\labdsp\Documents\Croissant\only_pic\dataset\malign_images\malignant (63).png,1
C:\Users\labdsp\Documents\Croissant\only_pic\dataset\malign_images\malignant (64).png,1
C:\Users\labdsp\Documents\Croissant\only_pic\dataset\malign_images\malignant (65).png,1
C:\Users\labdsp\Documents\Croissant\only_pic\dataset\malign_images\malignant (66).png,1
C:\Users\labdsp\Documents\Croissant\only_pic\dataset\malign_images\malignant (67).png,1
C:\Users\labdsp\Documents\Croissant\only_pic\dataset\malign_images\malignant (68).png,1
C:\Users\labdsp\Documents\Croissant\only_pic\dataset\malign_images\malignant (69).png,1
C:\Users\labdsp\Documents\Croissant\only_pic\dataset\malign_images\malignant (7).png,1
C:\Users\labdsp\Documents\Croissant\only_pic\dataset\malign_images\malignant (70).png,1
C:\Users\labdsp\Documents\Croissant\only_pic\dataset\malign_images\malignant (71).png,1
C:\Users\labdsp\Documents\Croissant\only_pic\dataset\malign_images\malignant (72).png,1
C:\Users\labdsp\Documents\Croissant\only_pic\dataset\malign_images\malignant (73).png,1
C:\Users\labdsp\Documents\Croissant\only_pic\dataset\malign_images\malignant (74).png,1
C:\Users\labdsp\Documents\Croissant\only_pic\dataset\malign_images\malignant (75).png,1
C:\Users\labdsp\Documents\Croissant\only_pic\dataset\malign_images\malignant (76).png,1
C:\Users\labdsp\Documents\Croissant\only_pic\dataset\malign_images\malignant (77).png,1
C:\Users\labdsp\Documents\Croissant\only_pic\dataset\malign_images\malignant (78).png,1
C:\Users\labdsp\Documents\Croissant\only_pic\dataset\malign_images\malignant (79).png,1
C:\Users\labdsp\Documents\Croissant\only_pic\dataset\malign_images\malignant (8).png,1
C:\Users\labdsp\Documents\Croissant\only_pic\dataset\malign_images\malignant (80).png,1
C:\Users\labdsp\Documents\Croissant\only_pic\dataset\malign_images\malignant (81).png,1
C:\Users\labdsp\Documents\Croissant\only_pic\dataset\malign_images\malignant (82).png,1
C:\Users\labdsp\Documents\Croissant\only_pic\dataset\malign_images\malignant (83).png,1
C:\Users\labdsp\Documents\Croissant\only_pic\dataset\malign_images\malignant (84).png,1
C:\Users\labdsp\Documents\Croissant\only_pic\dataset\malign_images\malignant (85).png,1
C:\Users\labdsp\Documents\Croissant\only_pic\dataset\malign_images\malignant (86).png,1
C:\Users\labdsp\Documents\Croissant\only_pic\dataset\malign_images\malignant (87).png,1
C:\Users\labdsp\Documents\Croissant\only_pic\dataset\malign_images\malignant (88).png,1
C:\Users\labdsp\Documents\Croissant\only_pic\dataset\malign_images\malignant (89).png,1
C:\Users\labdsp\Documents\Croissant\only_pic\dataset\malign_images\malignant (9).png,1
C:\Users\labdsp\Documents\Croissant\only_pic\dataset\malign_images\malignant (90).png,1
C:\Users\labdsp\Documents\Croissant\only_pic\dataset\malign_images\malignant (91).png,1
C:\Users\labdsp\Documents\Croissant\only_pic\dataset\malign_images\malignant (92).png,1
C:\Users\labdsp\Documents\Croissant\only_pic\dataset\malign_images\malignant (93).png,1
C:\Users\labdsp\Documents\Croissant\only_pic\dataset\malign_images\malignant (94).png,1
C:\Users\labdsp\Documents\Croissant\only_pic\dataset\malign_images\malignant (95).png,1
C:\Users\labdsp\Documents\Croissant\only_pic\dataset\malign_images\malignant (96).png,1
C:\Users\labdsp\Documents\Croissant\only_pic\dataset\malign_images\malignant (97).png,1
C:\Users\labdsp\Documents\Croissant\only_pic\dataset\malign_images\malignant (98).png,1
C:\Users\labdsp\Documents\Croissant\only_pic\dataset\malign_images\malignant (99).png,1
